{
    "num-datapoints": 25213,
    "num-unique-diagnostics": 427,
    "avg-data-points-per-diagnostic": 59.04683840749414,
    "std-data-points-per-diagnostic": 137.15970505731443,
    "max-tokens-src": 448,
    "avg-tokens-src": 221.32284932376155,
    "std-tokens-src": 21.095870112210157,
    "max-tokens-tgt": 487,
    "avg-tokens-tgt": 45.15063657636934,
    "std-tokens-tgt": 41.77464832056476,
    "diagnostics": {
        "Y0002": 258,
        "CC0030": 13,
        "USI0001": 296,
        "CC0091": 53,
        "AvNextRegexCodeFix": 143,
        "SA1606D": 374,
        "SA1513": 214,
        "RCS1018": 124,
        "PostIncrement": 74,
        "_MissingAsync": 25,
        "RECS0163": 18,
        "RS0100": 75,
        "VarAnalyzer": 320,
        "SA1612D": 969,
        "RemoveRegions": 244,
        "DA4001": 427,
        "DA3002": 476,
        "VarUsage": 730,
        "WS1000": 111,
        "CC0105": 146,
        "SA1623D": 701,
        "ParameterWrapperAnalyzer": 908,
        "Method_length_60": 8,
        "AT001": 227,
        "NA06": 16,
        "AvoidVar": 343,
        "SA1600D": 377,
        "Nopen": 338,
        "DA3007": 1326,
        "RCS1036": 70,
        "SA1101": 458,
        "INTL0001": 337,
        "VSD0029": 150,
        "EDAM001": 467,
        "SA1027": 52,
        "CAC001": 25,
        "SA1001": 10,
        "Comments_analyser": 263,
        "Wintellect003": 351,
        "mmlajOnalbPublicFieldAnalyzer": 95,
        "CCN0011": 10,
        "Wintellect004": 732,
        "DA4002": 204,
        "JA101": 369,
        "RB001": 49,
        "SA1005": 150,
        "SA1642D": 72,
        "SA1629": 439,
        "CC0001": 219,
        "FS0128": 382,
        "FS0127": 44,
        "CC0065": 219,
        "DA4004": 142,
        "Wintellect015": 351,
        "_MissingConfigureAwait": 55,
        "DTA001": 83,
        "SA1519": 17,
        "RIT0003": 34,
        "RCS1197": 2,
        "VSD0023": 332,
        "SA1503": 362,
        "Wintellect012": 165,
        "CA1822": 50,
        "RCS1160": 3,
        "ASA001": 20,
        "CH0001": 182,
        "EPS05": 26,
        "AvNextRegularExpressionCodeFix": 159,
        "ModifierAnalyzer": 467,
        "ClassDoesNotImplementContractAnalyzer": 274,
        "FS0065": 20,
        "MindTouchMaterializedEnumerableAnalyzer": 17,
        "NI1018": 25,
        "VSTHRD200": 22,
        "CH0002": 223,
        "GU0073": 245,
        "SA1501": 10,
        "CLASS0001": 161,
        "MEN009": 51,
        "DA3006": 94,
        "SA1514": 71,
        "SA1009": 92,
        "VSD0015": 1,
        "DOC202": 5,
        "FS0131": 38,
        "WS002": 105,
        "SA1516": 236,
        "SA1121": 20,
        "AvNextPropertyCodeFix": 142,
        "SA1200": 104,
        "HLQ005": 17,
        "VSD0033": 20,
        "SA1300": 23,
        "CH0003": 77,
        "EqualsNull": 190,
        "GU0077": 258,
        "SA1210": 29,
        "SA1106": 29,
        "FS0013": 6,
        "SA1633": 94,
        "SA1413": 30,
        "SA1400": 61,
        "CCN0031": 135,
        "EPS01": 10,
        "CC0014": 17,
        "Y0001": 130,
        "DS01": 6,
        "RB003": 43,
        "MethodLengthAnalyzer": 74,
        "SA1024": 17,
        "DA3010": 72,
        "CC0021": 145,
        "RCS1057": 114,
        "WS1001": 367,
        "SA1205": 19,
        "SA1520": 31,
        "RCNoAssignment": 15,
        "RCS1090": 24,
        "SA1502": 36,
        "SA1116": 54,
        "VSD0007": 25,
        "WTG1018": 35,
        "mmlajPublicFieldAnalyzer": 93,
        "SpaceBeforeSemicolon": 8,
        "WTG1004": 31,
        "DOC104": 37,
        "CA1028": 4,
        "Underscore": 27,
        "SA1008": 24,
        "RIT0008": 210,
        "VSD0048": 55,
        "RCS1214": 9,
        "SA1309": 53,
        "RCS1015": 28,
        "SA1119": 24,
        "CSE006": 30,
        "VSD0025": 161,
        "RCS1169": 39,
        "SA1515": 122,
        "WTG1009": 3,
        "DOC100": 63,
        "SA1003": 34,
        "AnalyzerFinal2": 11,
        "DA4006": 28,
        "NoPrivateUnderscore": 90,
        "DOC203": 4,
        "RECS0133": 8,
        "CC0057": 11,
        "SA1000": 49,
        "CA1801": 24,
        "RCS1118": 7,
        "AADE002": 38,
        "RCS1170": 53,
        "SA1124": 21,
        "RCS1146": 15,
        "SA1306": 21,
        "FS0129": 68,
        "RCS1171": 12,
        "CC0023": 85,
        "SA1615": 23,
        "SA1012": 13,
        "EPC12": 6,
        "UniversalTimeStamp": 13,
        "RCS1037": 79,
        "CC0118": 7,
        "DEM0002": 3,
        "SA1028": 58,
        "Wintellect002": 10,
        "CC0013": 21,
        "WTG3002": 11,
        "DateTimeOffsetInsteadOfDateTimeAnalyzer": 94,
        "FS0057": 6,
        "DA4005": 28,
        "RECS0033": 7,
        "CC0095": 2,
        "SA1500": 26,
        "CC0052": 31,
        "SA1127": 13,
        "SA1111": 18,
        "CC0061": 17,
        "VSD0026": 26,
        "RB002": 19,
        "CSharpAnalyzer": 16,
        "ASYNC0004": 19,
        "CTU0001": 6,
        "DA4003": 62,
        "RCS1246": 9,
        "AANA001": 17,
        "RCS1029": 14,
        "VpRoslynConfigureAwaitAnalayzer": 22,
        "SA1122": 24,
        "WTG1003": 54,
        "FS0048": 19,
        "INTL0101": 8,
        "SA1013": 18,
        "MultiLineStringAnalyzer": 15,
        "RCS1221": 13,
        "RCS1102": 7,
        "RECS0001": 3,
        "OhNoPubImplicitCastForeach": 12,
        "SA1128": 8,
        "VSD0001": 14,
        "MT1001": 13,
        "CA1507": 28,
        "TestAnalyzer": 17,
        "PropertyDiagnosticId": 30,
        "FS0126": 32,
        "WS001": 22,
        "DA3004": 1,
        "FS0061": 6,
        "FS0037": 7,
        "DecimalPoints": 14,
        "SA1107": 14,
        "DebuggerStepThroughRemover": 4,
        "SA1307": 8,
        "RIT0004": 54,
        "SA1407": 26,
        "S1172": 8,
        "CC0002": 1,
        "ClassWithoutModifierAnalyzer": 22,
        "MaxParameterCount": 11,
        "RCS1001": 21,
        "RECS0002": 1,
        "RCS1173": 9,
        "FS0031": 7,
        "IsNull": 4,
        "CC0037": 75,
        "NES003": 20,
        "CA1052": 4,
        "SA1137": 52,
        "SA1010": 8,
        "CC0048": 31,
        "ASYNC0001": 25,
        "CC0022": 9,
        "AANA003": 43,
        "RCS1077": 16,
        "RedundantTypedArrayCreation": 2,
        "CS0002": 20,
        "RECS0122": 7,
        "SA1308": 7,
        "ClassNameUpperCaseAnalyzer": 5,
        "SA1209": 4,
        "SA1025": 48,
        "FS0052": 8,
        "VSTHRD103": 4,
        "AADE003": 1,
        "CC0060": 6,
        "MEN013": 28,
        "RCS1206": 8,
        "DA3001": 15,
        "FS0130": 12,
        "RCS1123": 30,
        "RCS1192": 6,
        "RCS1226": 3,
        "CA1829": 1,
        "CRA002": 26,
        "SA1002": 8,
        "DateTimeUsage": 5,
        "EMA0001": 13,
        "CA2237": 3,
        "CA1805": 12,
        "StoreCtorArg": 11,
        "SS002": 7,
        "DS02": 5,
        "_SuperfluousAsync": 15,
        "SA1313": 7,
        "MakeConst": 5,
        "ASA002": 12,
        "RCS1021": 1,
        "SA1626": 3,
        "SS001": 1,
        "FV0001": 3,
        "SA1208": 6,
        "LowerChar": 8,
        "ASYNC0002": 2,
        "CA2016": 5,
        "FirstAnalyzerCS": 5,
        "RCS1032": 16,
        "ODSUnusedCodeAnalyser": 2,
        "SA1100": 4,
        "TaskWaitAnalyzer": 1,
        "DOC201": 5,
        "DA3005": 12,
        "FS0095": 2,
        "RCS1058": 8,
        "DOC101": 8,
        "SA1642": 8,
        "OphlanAnalyzersOrganizeMembers": 2,
        "INTL0002": 8,
        "AADE001": 2,
        "RECS0092": 4,
        "RCS1196": 1,
        "EmptyArrayCreation": 14,
        "CC0049": 4,
        "AsyncFixer03": 2,
        "CC0004": 8,
        "TOCSOFT0001": 4,
        "Analyzer1": 10,
        "DictionaryVariableFix": 7,
        "CC0034": 9,
        "ENUM0003": 7,
        "SA1123": 6,
        "TypeLengthAnalyzer": 6,
        "CC0008": 7,
        "S1144": 8,
        "SA1303": 6,
        "VSD0034": 20,
        "S2933": 22,
        "CC0072": 13,