{
    "num-datapoints": 25213,
    "num-unique-diagnostics": 427,
    "avg-data-points-per-diagnostic": 59.04683840749414,
    "std-data-points-per-diagnostic": 137.15970505731443,
    "max-tokens-src": 448,
    "avg-tokens-src": 221.32284932376155,
    "std-tokens-src": 21.095870112210157,
    "max-tokens-tgt": 487,
    "avg-tokens-tgt": 45.15063657636934,
    "std-tokens-tgt": 41.77464832056476,
    "diagnostics": {
        "CH0001": 182,
        "SA1101": 458,
        "CC0065": 219,
        "Wintellect004": 732,
        "FM_Missing": 2,
        "VSD0023": 332,
        "AvNextRegularExpressionCodeFix": 159,
        "GU0073": 245,
        "AvoidVar": 343,
        "INTL0001": 337,
        "DebuggerStepThroughRemover": 4,
        "SA1606D": 374,
        "DA4001": 427,
        "ParameterWrapperAnalyzer": 908,
        "CC0105": 146,
        "RCS1057": 114,
        "CC0023": 85,
        "DA3002": 476,
        "VarAnalyzer": 320,
        "Y0002": 258,
        "VarUsage": 730,
        "DA4002": 204,
        "SA1008": 24,
        "SA1124": 21,
        "DecimalPoints": 14,
        "SA1612D": 969,
        "SA1514": 71,
        "WS1001": 367,
        "SA1629": 439,
        "FS0127": 44,
        "SA1623D": 701,
        "CSE006": 30,
        "JA101": 369,
        "DA4003": 62,
        "RIT0003": 34,
        "RemoveRegions": 244,
        "CC0001": 219,
        "WS002": 105,
        "RS0100": 75,
        "SA1503": 362,
        "SA1025": 48,
        "RCS1212": 5,
        "RCS1156": 6,
        "SA1520": 31,
        "SA1516": 236,
        "SA1200": 104,
        "USI0001": 296,
        "SA1515": 122,
        "FS0128": 382,
        "Y0001": 130,
        "AnalyzerFinal2": 11,
        "Analyzer1": 10,
        "CC0026": 1,
        "Wintellect012": 165,
        "UniversalTimeStamp": 13,
        "Nopen": 338,
        "mmlajPublicFieldAnalyzer": 93,
        "FS0129": 68,
        "NoPrivateUnderscore": 90,
        "_MissingAsync": 25,
        "RCS1173": 9,
        "WTG3002": 11,
        "SA1407": 26,
        "SA1400": 61,
        "SA1600D": 377,
        "VSTHRD200": 22,
        "SA1137": 52,
        "Wintellect015": 351,
        "SA1205": 19,
        "WTG1003": 54,
        "RCS1001": 21,
        "RCS1089": 1,
        "AANA003": 43,
        "MEN009": 51,
        "RIT0004": 54,
        "MethodLengthAnalyzer": 74,
        "SA1642D": 72,
        "SA1024": 17,
        "AT001": 227,
        "HAA0501": 2,
        "DA3010": 72,
        "DA4004": 142,
        "NES003": 20,
        "DOC100": 63,
        "SA1633": 94,
        "AADE002": 38,
        "SA1311": 9,
        "RECS0163": 18,
        "FS0034": 3,
        "CS0002": 20,
        "SA1502": 36,
        "SA1119": 24,
        "CA1801": 24,
        "DEM0002": 3,
        "SA1107": 14,
        "CA1822": 50,
        "CC0091": 53,
        "PostIncrement": 74,
        "CC0072": 13,
        "CSharpAnalyzer": 16,
        "RB001": 49,
        "Underscore": 27,
        "CH0003": 77,
        "SA1012": 13,
        "SA1307": 8,
        "ClassWithoutModifierAnalyzer": 22,
        "SA1003": 34,
        "RCS1169": 39,
        "DA3001": 15,
        "SA1617": 5,
        "CLASS0001": 161,
        "RCS1170": 53,
        "DTA001": 83,
        "CC0037": 75,
        "CC0057": 11,
        "SA1303": 6,
        "SA1002": 8,
        "CC0013": 21,
        "LowerChar": 8,
        "CC0021": 145,
        "SA1615": 23,
        "SA1000": 49,
        "VSD0048": 55,
        "MEN013": 28,
        "SA1005": 150,
        "SA1121": 20,
        "WTG1018": 35,
        "SA1013": 18,
        "RCS1015": 28,
        "RCS1032": 16,
        "SA1122": 24,
        "RCS1221": 13,
        "SA1504": 5,
        "INTL0002": 8,
        "DS01": 6,
        "SA1027": 52,
        "EmptyArrayCreation": 14,
        "FS0057": 6,
        "ODSUnusedCodeAnalyser": 2,
        "FS0015": 4,
        "RCS1077": 16,
        "SA1111": 18,
        "CC0033": 2,
        "NI1018": 25,
        "RECS0014": 3,
        "SA1500": 26,
        "CC0015": 13,
        "S1172": 8,
        "RCNoAssignment": 15,
        "DA4006": 28,
        "VpRoslynConfigureAwaitAnalayzer": 22,
        "CC0052": 31,
        "CA2208": 1,
        "S1144": 8,
        "VSD0026": 26,
        "SA1130": 2,
        "RCS1197": 2,
        "CC0048": 31,
        "EMA0001": 13,
        "SA1519": 17,
        "_SuperfluousAsync": 15,
        "AADE001": 2,
        "CA1507": 28,
        "RB003": 43,
        "NA03": 4,
        "SA1129": 4,
        "FS0126": 32,
        "FirstAnalyzerCS": 5,
        "AANA001": 17,
        "AsyncFixer01": 10,
        "RCS1058": 8,
        "SA1011": 5,
        "MT1001": 13,
        "_MissingConfigureAwait": 55,
        "SA1123": 6,
        "SA1642": 8,
        "HLQ005": 17,
        "RCS1213": 5,
        "RECS0092": 4,
        "SS033": 2,
        "SA1128": 8,
        "RCS1048": 3,
        "SA1134": 2,
        "RCS1003": 16,
        "ASYNC0004": 19,
        "FS0049": 1,
        "RECS0010": 4,
        "SA1411": 4,
        "ASYNC0001": 25,
        "DOC201": 5,
        "CC0030": 13,
        "CC0014": 17,
        "SA1136": 5,
        "SA1312": 3,
        "SS002": 7,
        "CC0060": 6,
        "CA2016": 5,
        "FS0013": 6,
        "CC0034": 9,
        "StoreCtorArg": 11,
        "DictionaryVariableFix": 7,
        "SA1208": 6,
        "FS0072": 1,
        "SA1310": 5,
        "RB002": 19,
        "MaxParameterCount": 11,
        "RCS1029": 14,
        "RCS1246": 9,
        "SA1626": 3,
        "CA1805": 12,
        "SA1209": 4,
        "SA1127": 13,
        "MindTouchMaterializedEnumerableAnalyzer": 17,
        "RECS0122": 7,
        "ASA001": 20,
        "SA1132": 7,
        "RIT0009": 1,
        "CA2237": 3,
        "FS0061": 6,
        "CA1001": 3,
        "RCS1128": 4,
        "FS0132": 6,
        "CCN0011": 10,
        "CC0018": 1,
        "CA1052": 4,
        "FS0008": 1,
        "RCS1232": 2,
        "RCS1192": 6,
        "CA1823": 3,
        "FS0120": 1,
        "DOC202": 5,
        "CA1827": 1,
        "FS0031": 7,
        "CA1829": 1,
        "FS0006": 1,
        "DOC200": 1,
        "DateTimeUsage": 5,
        "DOC101": 8,
        "SpaceBeforeSemicolon": 8,
        "TOCSOFT0001": 4,
        "RCS1038": 2,
        "FS0011": 1,
        "DOC203": 4,
        "S1116": 1,
        "SA1616": 1,
        "DS02": 5,
        "DEM0001": 2,
        "FS0004": 2,
        "INTL0201": 4,
        "SA1308": 7,
        "RECS0133": 8,
        "RECS0067": 1,
        "RCS1102": 7,
        "AANA002": 2,
        "FS0095": 2,
        "RECS0085": 3,
        "CC0011": 2,
        "SA1207": 1,
        "RCS1202": 1,
        "RCS1139": 6,
        "MD0001": 3,
        "DOC102": 1,
        "RCS1235": 1,
        "DOC105": 1,
        "RECS0001": 3,
        "CC0095": 2,
        "FS0068": 2,
        "ASYNC0003": 1,
        "RECS0004": 3,
        "SA1026": 1,
        "RCS1247": 2,
        "CC0068": 1,
        "RECS0002": 1,
        "RCS1160": 3,
        "SA1212": 2,
        "MD0002": 1,
        "RECS0093": 2,
        "RCS1236": 1,
        "MindTouchEnumSwitchAnalyzer": 2,
        "RCS1063": 2,
        "VSTHRD100": 1,
        "CC0003": 3,
        "TOCSOFT0002": 1,
        "CC0017": 1,
        "CA1836": 2,
        "CC0120": 1,
        "ASYNC0002": 2,
        "WTG1007": 1,
        "S1125": 1,
        "RCS1155": 1,
        "SA1110": 2,
        "VSD0015": 1,
        "VSTHRD103": 4,
        "RCS1021": 1,
        "RedundantTypedArrayCreation": 2,
        "FV0001": 3,
        "RCS1196": 1,
        "DA3004": 1,
        "DateTimeToday": 1,
        "DA3007": 1326,
        "EDAM001": 467,
        "WS1000": 111,
        "SA1028": 58,
        "SA1513": 214,
        "DateTimeOffsetInsteadOfDateTimeAnalyzer": 94,
        "CH0002": 223,
        "AvNextRegexCodeFix": 143,
        "DA3006": 94,
        "CTU0001": 6,
        "RCS1018": 124,
        "EPS01": 10,
        "ClassDoesNotImplementContractAnalyzer": 274,
        "mmlajOnalbPublicFieldAnalyzer": 95,
        "CRA002": 26,
        "RCS1036": 70,
        "GU0077": 258,
        "TestAnalyzer": 17,