{
    "num-datapoints": 10342,
    "num-unique-diagnostics": 287,
    "avg-data-points-per-diagnostic": 36.034843205574916,
    "std-data-points-per-diagnostic": 82.38893170918647,
    "max-tokens-src": 347,
    "avg-tokens-src": 120.66350802552698,
    "std-tokens-src": 13.888890420603518,
    "max-tokens-tgt": 473,
    "avg-tokens-tgt": 41.09775672017018,
    "std-tokens-tgt": 33.472514417398145,
    "diagnostics": {
        "CH0001": 120,
        "DA3007": 652,
        "AvoidVar": 280,
        "EDAM001": 285,
        "DebuggerStepThroughRemover": 4,
        "DA4001": 289,
        "ParameterWrapperAnalyzer": 454,
        "WS1000": 51,
        "DA4002": 150,
        "Wintellect003": 55,
        "SA1008": 11,
        "DecimalPoints": 12,
        "CH0002": 139,
        "AvNextRegexCodeFix": 110,
        "WS1001": 278,
        "SA1612D": 418,
        "DA3002": 156,
        "RemoveRegions": 220,
        "Wintellect004": 87,
        "CC0001": 176,
        "ClassDoesNotImplementContractAnalyzer": 37,
        "SA1200": 44,
        "mmlajOnalbPublicFieldAnalyzer": 67,
        "VarUsage": 178,
        "FS0128": 49,
        "CC0065": 164,
        "UniversalTimeStamp": 9,
        "Nopen": 253,
        "USI0001": 149,
        "TestAnalyzer": 23,
        "RS0100": 7,
        "Comments_analyser": 95,
        "EqualsNull": 43,
        "SA1600D": 212,
        "Wintellect012": 46,
        "Y0002": 22,
        "ClassNameUpperCaseAnalyzer": 4,
        "RCS1123": 21,
        "RCS1089": 1,
        "MEN009": 48,
        "SA1413": 12,
        "AT001": 37,
        "NES003": 14,
        "DOC100": 26,
        "AADE002": 23,
        "SA1311": 1,
        "DDTN0001": 13,
        "FS0034": 2,
        "SA1028": 10,
        "CS0002": 13,
        "VarAnalyzer": 31,
        "CRA002": 1,
        "INTL0001": 101,
        "DEM0002": 1,
        "CA1822": 45,
        "CC0091": 50,
        "SA1306": 5,
        "CSharpAnalyzer": 21,
        "Underscore": 11,
        "SA1513": 18,
        "RCS1057": 6,
        "DTA001": 72,
        "SA1633": 29,
        "CC0021": 130,
        "DA3006": 48,
        "SA1615": 2,
        "RIT0008": 7,
        "RCS1118": 1,
        "RCS1171": 1,
        "SA1300": 9,
        "SA1121": 4,
        "FS0065": 4,
        "SA1137": 3,
        "INTL0002": 3,
        "Wintellect015": 55,
        "CC0118": 6,
        "CC0057": 16,
        "FS0015": 1,
        "CC0022": 4,
        "CC0033": 2,
        "SA1101": 39,
        "SA1005": 29,
        "ConstantAnalyzer": 7,
        "CC0105": 111,
        "DA4004": 17,
        "AANA003": 33,
        "PropertyDiagnosticId": 10,
        "CC0048": 41,
        "Wintellect002": 9,
        "EMA0001": 12,
        "EPS05": 16,
        "RB003": 27,
        "CC0004": 6,
        "RCS1173": 1,
        "NA03": 4,
        "SA1129": 4,
        "VSD0023": 22,
        "FirstAnalyzerCS": 1,
        "SA1313": 4,
        "SA1303": 2,
        "CC0052": 29,
        "SA1106": 10,
        "ODSUnusedCodeAnalyser": 1,
        "CC0060": 3,
        "CC0034": 7,
        "StoreCtorArg": 9,
        "DictionaryVariableFix": 6,
        "_SuperfluousAsync": 12,
        "VSD0029": 5,
        "EPS01": 6,
        "HLQ005": 15,
        "MT1001": 7,
        "VSD0007": 6,
        "FS0130": 3,
        "RCS1036": 5,
        "CC0013": 6,
        "SA1119": 6,
        "SA1629": 4,
        "SA1107": 3,
        "INTL0003": 7,
        "ASA002": 12,
        "CA1028": 4,
        "RECS0122": 4,
        "ASA001": 4,
        "RCS1018": 8,
        "SA1009": 8,
        "CC0037": 66,
        "RECS0010": 1,
        "CA2237": 3,
        "VSD0034": 9,
        "RCS1015": 6,
        "SA1128": 2,
        "CA1001": 3,
        "RB002": 12,
        "SA1111": 3,
        "CCN0011": 9,
        "CC0026": 1,
        "CC0018": 1,
        "CA1052": 2,
        "IsNull": 2,
        "CA1827": 1,
        "CC0014": 6,
        "SA1027": 3,
        "CC0049": 3,
        "FS0006": 1,
        "RCS1001": 1,
        "OhNoPubImplicitCastForeach": 5,
        "DOC200": 1,
        "MindTouchMaterializedEnumerableAnalyzer": 4,
        "CSE006": 4,
        "DA3005": 4,
        "VSD0025": 7,
        "DOC101": 5,
        "CC0008": 5,
        "RCS1169": 11,
        "DOC203": 4,
        "FS0048": 2,
        "RCS1032": 4,
        "RIT0004": 4,
        "Method_length_60": 3,
        "SA1600": 4,
        "RCS1102": 4,
        "FS0095": 2,
        "SA1514": 2,
        "SA1207": 1,
        "RCS1213": 1,
        "DOC102": 1,
        "DOC105": 1,
        "RECS0001": 3,
        "CC0095": 2,
        "ASYNC0001": 8,
        "FS0068": 1,
        "SA1100": 1,
        "CC0011": 2,
        "RCS1247": 2,
        "RECS0133": 1,
        "SA1024": 3,
        "CC0068": 2,
        "_MissingConfigureAwait": 1,
        "SA1502": 1,
        "SA1136": 1,
        "CA2101": 1,
        "RCS1037": 3,
        "RECS0093": 1,
        "SA1000": 1,
        "RECS0085": 1,
        "CC0002": 1,
        "IDISP004": 1,
        "FS0132": 1,
        "MD0001": 1,
        "SA1120": 2,
        "NI1018": 2,
        "RedundantTypedArrayCreation": 2,
        "RECS0004": 1,
        "RCS1080": 1,
        "FV0001": 3,
        "DA3004": 1,
        "DOC201": 2,
        "SA1205": 1,
        "FS0126": 1,
        "DateTimeToday": 1,
        "AvNextRegularExpressionCodeFix": 138,
        "SA1606D": 283,
        "DA4003": 4,
        "SA1516": 112,
        "AnalyzerFinal2": 2,
        "mmlajPublicFieldAnalyzer": 64,
        "GU0077": 187,
        "CCN0031": 99,
        "DateTimeOffsetInsteadOfDateTimeAnalyzer": 74,
        "JA101": 281,
        "NoPrivateUnderscore": 38,
        "SA1307": 7,
        "ClassWithoutModifierAnalyzer": 13,
        "AvNextPropertyCodeFix": 129,
        "RB001": 31,
        "LowerChar": 8,
        "MEN013": 19,
        "DA3010": 31,
        "CLASS0001": 46,
        "DS01": 3,
        "VSD0033": 4,
        "SA1210": 8,
        "CC0015": 7,
        "DA4006": 26,
        "SA1400": 4,
        "FS0127": 4,
        "VSD0026": 2,
        "FS0052": 2,
        "SA1515": 7,
        "CH0003": 40,
        "FS0129": 6,
        "WTG1018": 1,
        "Y0001": 26,
        "CC0030": 11,
        "WTG1004": 5,
        "SA1116": 12,
        "VSD0048": 2,
        "SA1003": 3,
        "RCS1084": 1,
        "_MissingAsync": 4,
        "SA1004": 2,
        "RCS1077": 1,
        "CC0061": 8,
        "CA1805": 9,
        "AANA001": 1,
        "OphlanAnalyzersOrganizeMembers": 2,
        "DS02": 4,
        "SA1123": 2,
        "DOC202": 5,
        "FS0037": 3,
        "CA1823": 1,
        "CC0003": 3,
        "CA2208": 1,
        "SA1110": 2,
        "SA1519": 1,
        "FS0030": 1,
        "VSTHRD103": 1,
        "WTG3002": 1,
        "ModifierAnalyzer": 336,
        "GU0073": 213,
        "CC0023": 82,
        "SA1623D": 519,
        "SA1503": 55,
        "Analyzer1": 5,
        "SA1407": 17,
        "VSTHRD200": 14,
        "SA1642D": 70,
        "CA1801": 22,
        "DOC104": 16,
        "DA3001": 15,
        "DA4005": 26,
        "SA1122": 9,
        "RCS1058": 3,
        "SA1642": 2,
        "CA1507": 6,
        "WS002": 2,
        "PostIncrement": 3,
        "MakeConst": 2,
        "INTL0101": 7,
        "SA1132": 1,
        "RECS0033": 3,
        "EPC12": 6,
        "RECS0002": 1,
        "CA1829": 1,
        "S1144": 1,
        "RECS0014": 1
    }
}
