{
    "num-unique-diagnostics": 183,
    "avg-data-points-per-diagnostic": 12.726775956284152,
    "std-data-points-per-diagnostic": 20.060065377233332,
    "max-tokens-src": 271,
    "avg-tokens-src": 124.4813224559897,
    "std-tokens-src": 20.32929256851121,
    "max-tokens-tgt": 276,
    "avg-tokens-tgt": 40.580077286389006,
    "std-tokens-tgt": 30.174284898277342,
    "diagnostics": {
        "SA1600D": 83,
        "RCS1164": 14,
        "DA3010": 84,
        "ASYNC0002": 21,
        "ParameterWrapperAnalyzer": 77,
        "mmlajOnalbPublicFieldAnalyzer": 33,
        "CA1823": 63,
        "RS0016": 3,
        "EDAM001": 58,
        "DA4001": 14,
        "SA1606D": 69,
        "RCS1032": 8,
        "CLASS0001": 23,
        "RCS1057": 76,
        "Wintellect003": 24,
        "CC0052": 8,
        "RCNoAssignment": 6,
        "DA3007": 101,
        "RECS0001": 73,
        "DA4004": 12,
        "RIT0004": 6,
        "SA1400": 12,
        "mmlajPublicFieldAnalyzer": 12,
        "CC0029": 5,
        "Nopen": 26,
        "Wintellect004": 76,
        "SA1407": 6,
        "CC0072": 21,
        "CA1052": 9,
        "AANA003": 4,
        "CA1821": 29,
        "SA1121": 8,
        "AvNextRegexCodeFix": 19,
        "RCS1160": 5,
        "SA1210": 2,
        "CSharpAnalyzer": 74,
        "SA1515": 4,
        "AvNextPropertyCodeFix": 12,
        "VSD0023": 8,
        "RECS0120": 3,
        "ClassDoesNotImplementContractAnalyzer": 8,
        "DTA001": 12,
        "SA1119": 8,
        "INTL0001": 36,
        "SA1612D": 30,
        "RCS1192": 1,
        "SA1313": 8,
        "RECS0033": 3,
        "ClassWithoutModifierAnalyzer": 3,
        "AvoidVar": 6,
        "SA1306": 2,
        "CC0001": 32,
        "RCS1203": 4,
        "RCS1234": 22,
        "EPS05": 16,
        "CA1725": 127,
        "CA1805": 4,
        "RS0038": 3,
        "RECS0133": 24,
        "ModifierAnalyzer": 52,
        "SA1516": 6,
        "RCS1159": 8,
        "NoPrivateUnderscore": 31,
        "CC0034": 4,
        "LowerChar": 10,
        "SA1623D": 22,
        "MakeConst": 1,
        "Y0001": 9,
        "GU0077": 19,
        "VSD0025": 9,
        "AvNextRegularExpressionCodeFix": 17,
        "SA1513": 8,
        "SA1503": 8,
        "S1144": 5,
        "DateTimeOffsetInsteadOfDateTimeAnalyzer": 26,
        "RCS1106": 22,
        "RCS1169": 11,
        "RECS0005": 4,
        "CC0091": 13,
        "DS02": 6,
        "RedundantTypedArrayCreation": 2,
        "StoreCtorArg": 20,
        "RIT0003": 13,
        "RCS1123": 6,
        "CC0048": 4,
        "RCS1191": 8,
        "RECS0122": 4,
        "EPS01": 3,
        "CC0037": 4,
        "Wintellect012": 13,
        "CC0025": 18,
        "FS0048": 4,
        "_MissingAsync": 16,
        "HLQ008": 8,
        "RCS1036": 7,
        "RECS0004": 6,
        "SA1122": 6,
        "NES003": 1,
        "RIT0008": 12,
        "AADE001": 16,
        "SA1307": 4,
        "VarUsage": 2,
        "PostIncrement": 13,
        "SA1005": 8,
        "JA101": 7,
        "Wintellect015": 12,
        "DA4002": 16,
        "FS0004": 2,
        "Comments_analyser": 5,
        "FS0034": 4,
        "MT1003": 2,
        "FS0052": 5,
        "SA1413": 2,
        "SA1106": 9,
        "AADE002": 6,
        "RCS1096": 2,
        "AnalyzerTestProj": 5,
        "EqualsNull": 4,
        "CC0095": 4,
        "SA1300": 2,
        "DecimalPoints": 8,
        "FS0128": 4,
        "CC0068": 1,
        "VSD0026": 3,
        "CC0023": 12,
        "VarAnalyzer": 7,
        "Y0002": 7,
        "MEN009": 2,
        "FS0095": 4,
        "RB003": 2,
        "WS1000": 1,
        "SA1116": 6,
        "SA1206": 4,
        "VSD0034": 3,
        "FS0006": 1,
        "CC0105": 12,
        "RCS1225": 1,
        "SA1028": 3,
        "EMA0001": 4,
        "AT001": 4,
        "RCS1018": 12,
        "SA1003": 2,
        "RB002": 2,
        "DA3002": 15,
        "FS0037": 4,
        "CC0021": 3,
        "RCS1084": 2,
        "FS0126": 2,
        "RCS1102": 2,
        "CSE006": 4,
        "CC0030": 2,
        "Underscore": 3,
        "CC0065": 1,
        "INTL0002": 6,
        "RB001": 3,
        "CCN0031": 7,
        "RECS0093": 1,
        "USI0001": 6,
        "SA1120": 4,
        "VSD0029": 3,
        "CC0006": 1,
        "RCS1213": 6,
        "VSD0033": 4,
        "CC0004": 2,
        "CC0008": 2,
        "FS0065": 2,
        "RCS1118": 2,
        "FS0068": 1,
        "WS001": 2,
        "CH0003": 1,
        "FS0030": 1,
        "FS0129": 1,
        "SA1600": 2,
        "RECS0010": 1,
        "WTG1004": 1,
        "GU0073": 3,
        "SA1101": 2,
        "WS1001": 1,
        "ConstantAnalyzer": 1,
        "AnalyzerFinal2": 1,
        "CC0060": 1,
        "DictionaryVariableFix": 1,
        "FS0127": 1
    }
}
