{
    "num-unique-diagnostics": 291,
    "avg-data-points-per-diagnostic": 50.103092783505154,
    "std-data-points-per-diagnostic": 123.86494844931804,
    "max-tokens-src": 347,
    "avg-tokens-src": 123.04595336076818,
    "std-tokens-src": 19.574021884453856,
    "max-tokens-tgt": 149346,
    "avg-tokens-tgt": 64.78017832647463,
    "std-tokens-tgt": 2141.098590884988,
    "diagnostics": {
        "SA1612D": 418,
        "CC0023": 82,
        "Nopen": 253,
        "SA1600D": 212,
        "WS1001": 279,
        "GU0073": 229,
        "ModifierAnalyzer": 628,
        "Comments_analyser": 99,
        "CH0001": 868,
        "AT001": 37,
        "AvoidVar": 374,
        "SA1503": 77,
        "Wintellect004": 321,
        "INTL0001": 101,
        "CC0061": 8,
        "CC0065": 948,
        "DA3007": 654,
        "EDAM001": 285,
        "WS1000": 761,
        "CC0105": 125,
        "DA3010": 31,
        "AvNextRegularExpressionCodeFix": 138,
        "SA1623D": 520,
        "GU0077": 190,
        "JA101": 292,
        "VarUsage": 184,
        "USI0001": 149,
        "DA4001": 334,
        "SA1633": 52,
        "MEN013": 19,
        "TestAnalyzer": 54,
        "AvNextRegexCodeFix": 110,
        "Wintellect002": 9,
        "AvNextPropertyCodeFix": 129,
        "CA1822": 94,
        "RemoveRegions": 302,
        "CC0057": 16,
        "ParameterWrapperAnalyzer": 454,
        "CC0001": 178,
        "SA1606D": 283,
        "DA3002": 159,
        "CH0002": 140,
        "mmlajPublicFieldAnalyzer": 64,
        "SA1005": 29,
        "Y0002": 22,
        "SA1028": 24,
        "CA1805": 9,
        "VSD0007": 6,
        "RB001": 37,
        "CC0052": 31,
        "SA1516": 220,
        "DA3006": 48,
        "DA4004": 23,
        "CA1827": 2,
        "CC0004": 7,
        "DA4002": 150,
        "mmlajOnalbPublicFieldAnalyzer": 131,
        "RCS1169": 15,
        "MT1001": 7,
        "EqualsNull": 46,
        "FS0130": 3,
        "CA1028": 4,
        "CC0037": 69,
        "VSTHRD200": 14,
        "MEN009": 48,
        "SA1642": 4,
        "INTL0003": 7,
        "_SuperfluousAsync": 12,
        "FS0128": 49,
        "SA1515": 13,
        "DA4005": 26,
        "RCS1015": 6,
        "CSharpAnalyzer": 123,
        "VSD0034": 9,
        "Wintellect012": 166,
        "SA1642D": 70,
        "INTL0002": 3,
        "DateTimeOffsetInsteadOfDateTimeAnalyzer": 133,
        "RECS0002": 1,
        "MindTouchMaterializedEnumerableAnalyzer": 4,
        "EPS05": 16,
        "RCS1032": 8,
        "ClassWithoutModifierAnalyzer": 20,
        "SA1119": 10,
        "CH0003": 41,
        "RCS1001": 2,
        "DEM0002": 1,
        "Method_length_60": 7,
        "Wintellect015": 55,
        "DTA001": 72,
        "SA1101": 78,
        "SA1121": 8,
        "CLASS0001": 46,
        "HLQ005": 15,
        "WTG1018": 1,
        "FirstAnalyzerCS": 36,
        "CC0021": 133,
        "SA1400": 8,
        "CC0030": 11,
        "ClassDoesNotImplementContractAnalyzer": 37,
        "CC0013": 7,
        "SA1513": 32,
        "SA1122": 18,
        "AANA003": 33,
        "Wintellect003": 118,
        "CCN0031": 102,
        "NA03": 4,
        "DictionaryVariableFix": 6,
        "CC0048": 43,
        "DA4006": 26,
        "NoPrivateUnderscore": 38,
        "SA1004": 2,
        "Analyzer1": 39,
        "CA1507": 12,
        "CC0091": 50,
        "CS0002": 14,
        "ClassNameUpperCaseAnalyzer": 62,
        "SA1008": 22,
        "RECS0122": 4,
        "SA1407": 36,
        "SA1200": 64,
        "CA1052": 4,
        "CC0034": 9,
        "AnalyzerFinal2": 36,
        "ConstantAnalyzer": 9,
        "ASA001": 4,
        "EMA0001": 12,
        "VSD0029": 5,
        "CCN0011": 9,
        "FS0065": 6,
        "SA1629": 8,
        "SA1303": 2,
        "VSD0023": 22,
        "RB002": 12,
        "AADE002": 23,
        "DOC202": 5,
        "RCS1036": 6,
        "ASYNC0001": 8,
        "CC0014": 6,
        "CA1801": 23,
        "CA2208": 2,
        "Underscore": 11,
        "FS0126": 1,
        "SA1313": 8,
        "SA1106": 13,
        "ODSUnusedCodeAnalyser": 13,
        "Y0001": 26,
        "MakeConst": 9,
        "CC0015": 10,
        "SA1615": 3,
        "CC0060": 3,
        "WTG1004": 5,
        "DOC100": 30,
        "DDTN0001": 14,
        "SA1009": 8,
        "SA1003": 6,
        "StoreCtorArg": 18,
        "FS0014": 1,
        "AnalyzerTestProj": 13,
        "DA3001": 15,
        "SA1307": 10,
        "SA1132": 2,
        "RCS1080": 1,
        "FS0034": 4,
        "LowerChar": 38,
        "SA1027": 8,
        "VarAnalyzer": 31,
        "RCS1018": 8,
        "RCS1057": 6,
        "FS0052": 2,
        "NES003": 14,
        "SA1300": 18,
        "SA1116": 15,
        "RB003": 27,
        "SA1600": 8,
        "UniversalTimeStamp": 10,
        "DA3005": 4,
        "NI1018": 2,
        "SA1306": 6,
        "DOC104": 19,
        "DecimalPoints": 12,
        "FS0129": 6,
        "SA1120": 4,
        "ASA002": 12,
        "CC0095": 4,
        "SA1129": 4,
        "SA1413": 16,
        "OhNoPubImplicitCastForeach": 5,
        "CC0049": 5,
        "DOC201": 2,
        "FS0048": 4,
        "VSD0033": 4,
        "RCS1123": 22,
        "SA1128": 3,
        "SA1137": 6,
        "CC0008": 5,
        "FS0037": 5,
        "_MissingAsync": 4,
        "SA1024": 3,
        "FS0068": 1,
        "_MissingConfigureAwait": 1,
        "DA4003": 7,
        "DS01": 3,
        "RIT0008": 10,
        "CC0022": 4,
        "SA1519": 1,
        "CC0003": 3,
        "VSD0025": 7,
        "SA1123": 2,
        "EPC12": 6,
        "CA2237": 3,
        "AANA001": 1,
        "DOC200": 1,
        "PropertyDiagnosticId": 10,
        "RECS0133": 1,
        "FS0127": 4,
        "CA1001": 3,
        "RCS1247": 2,
        "DA3004": 1,
        "FS0015": 1,
        "RCS1037": 3,
        "SA1205": 1,
        "CC0026": 1,
        "SA1514": 2,
        "CSE006": 4,
        "EPS01": 6,
        "RCS1058": 3,
        "RECS0033": 3,
        "DateTimeToday": 1,
        "CC0033": 2,
        "RCS1171": 1,
        "INTL0101": 7,
        "DS02": 4,
        "SA1210": 8,
        "RCS1102": 5,
        "FS0095": 4,
        "RS0100": 7,
        "DOC101": 5,
        "OphlanAnalyzersOrganizeMembers": 2,
        "FV0001": 3,
        "IDISP004": 1,
        "RCS1173": 1,
        "CA2101": 1,
        "VSD0026": 2,
        "MD0001": 2,
        "RCS1084": 2,
        "DOC102": 1,
        "SA1111": 5,
        "SA1207": 1,
        "SA1107": 3,
        "CC0118": 6,
        "WS002": 2,
        "IsNull": 2,
        "RCS1118": 2,
        "CA1829": 1,
        "SA1502": 2,
        "DebuggerStepThroughRemover": 4,
        "S1144": 1,
        "RedundantTypedArrayCreation": 2,
        "RECS0093": 1,
        "RIT0004": 4,
        "RCS1213": 2,
        "VSTHRD103": 1,
        "CC0011": 2,
        "CC0068": 3,
        "RECS0010": 1,
        "PostIncrement": 3,
        "FS0132": 1,
        "SA1311": 2,
        "CRA002": 1,
        "SA1000": 1,
        "DOC203": 4,
        "SA1110": 2,
        "CC0006": 1,
        "FS0006": 1,
        "CC0002": 1,
        "CC0018": 1,
        "DOC105": 1,
        "RCS1077": 1,
        "FS0003": 1,
        "RECS0001": 3,
        "SA1136": 1,
        "RECS0014": 1,
        "FS0030": 2,
        "RECS0004": 1,
        "VSD0048": 2,
        "RECS0085": 1,
        "SA1100": 1,
        "CA1823": 1,
        "WTG3002": 1,
        "RCS1089": 1
    }
}
