{
    "num-datapoints": 24435,
    "num-unique-diagnostics": 421,
    "avg-data-points-per-diagnostic": 58.04038004750594,
    "std-data-points-per-diagnostic": 135.10103823054786,
    "max-tokens-src": 347,
    "avg-tokens-src": 121.6865561694291,
    "std-tokens-src": 13.156971018447225,
    "max-tokens-tgt": 473,
    "avg-tokens-tgt": 40.972457540413345,
    "std-tokens-tgt": 37.015975769966815,
    "diagnostics": {
        "ParameterWrapperAnalyzer": 900,
        "DA4001": 389,
        "SA1028": 58,
        "VarUsage": 670,
        "RemoveRegions": 221,
        "SA1615": 21,
        "INTL0001": 316,
        "ModifierAnalyzer": 451,
        "SA1600D": 373,
        "SA1200": 103,
        "Wintellect004": 716,
        "SA1111": 18,
        "AvNextRegularExpressionCodeFix": 146,
        "CS0002": 19,
        "ASA001": 20,
        "SA1629": 424,
        "CLASS0001": 161,
        "CC0001": 216,
        "SA1519": 17,
        "CA1805": 12,
        "VSD0025": 156,
        "WS002": 105,
        "DTA001": 82,
        "WTG3002": 10,
        "JA101": 356,
        "SA1513": 214,
        "SA1642D": 72,
        "Nopen": 338,
        "SA1500": 26,
        "CC0061": 17,
        "GU0077": 257,
        "USI0001": 283,
        "SA1606D": 374,
        "EDAM001": 455,
        "DA3007": 1317,
        "SA1633": 94,
        "SA1137": 52,
        "CH0001": 179,
        "SA1413": 30,
        "CC0105": 143,
        "AvNextPropertyCodeFix": 137,
        "RCS1037": 79,
        "DA3002": 469,
        "mmlajOnalbPublicFieldAnalyzer": 92,
        "FS0128": 369,
        "AT001": 219,
        "VarAnalyzer": 315,
        "Wintellect003": 347,
        "SA1623D": 698,
        "Y0002": 252,
        "SA1612D": 956,
        "SA1009": 90,
        "VSD0023": 316,
        "PostIncrement": 73,
        "CH0003": 76,
        "_MissingAsync": 25,
        "DA3006": 92,
        "AvNextRegexCodeFix": 138,
        "CSE006": 26,
        "DA4002": 204,
        "CC0021": 141,
        "GU0073": 243,
        "Y0001": 130,
        "CC0065": 218,
        "VSD0029": 140,
        "Comments_analyser": 255,
        "AvoidVar": 328,
        "WS1000": 109,
        "NI1018": 19,
        "RB003": 41,
        "CH0002": 198,
        "NoSpaceAfterSemicolon": 2,
        "SA1503": 357,
        "WS001": 20,
        "DA4003": 62,
        "SA1309": 50,
        "SA1001": 10,
        "RB001": 48,
        "ASYNC0001": 25,
        "SA1101": 444,
        "SA1012": 12,
        "Wintellect012": 165,
        "FS0127": 43,
        "DA4006": 28,
        "SA1515": 121,
        "RCS1036": 70,
        "CC0091": 53,
        "RCS1123": 26,
        "Wintellect015": 347,
        "WS1001": 367,
        "SA1303": 6,
        "RCS1090": 23,
        "RCS1057": 114,
        "NES003": 18,
        "EqualsNull": 187,
        "RCS1169": 39,
        "SA1520": 31,
        "SA1116": 52,
        "CC0037": 65,
        "DecimalPoints": 14,
        "VSD0048": 54,
        "SA1106": 29,
        "SA1514": 70,
        "RIT0008": 207,
        "RCS1015": 26,
        "AANA003": 42,
        "FS0131": 38,
        "SA1516": 234,
        "Underscore": 24,
        "AnalyzerFinal2": 11,
        "SS002": 7,
        "WTG1018": 35,
        "CC0023": 85,
        "CCN0031": 123,
        "S2933": 22,
        "S1144": 6,
        "RCS1102": 7,
        "INTL0002": 8,
        "NA06": 16,
        "RCS1048": 2,
        "ClassWithoutModifierAnalyzer": 22,
        "ClassDoesNotImplementContractAnalyzer": 272,
        "mmlajPublicFieldAnalyzer": 90,
        "DA4004": 142,
        "SA1025": 40,
        "RCS1170": 52,
        "DA3010": 72,
        "CA1822": 50,
        "SA1011": 3,
        "SA1122": 23,
        "Analyzer1": 10,
        "RCS1018": 122,
        "RS0100": 65,
        "SA1005": 137,
        "RCS1221": 13,
        "ASYNC0004": 18,
        "SA1205": 19,
        "FS0048": 15,
        "RIT0004": 53,
        "SA1311": 9,
        "SA1004": 4,
        "DA3001": 15,
        "MethodLengthAnalyzer": 74,
        "_MissingConfigureAwait": 55,
        "INTL0101": 7,
        "SA1400": 60,
        "RB002": 19,
        "CAC001": 24,
        "EPS05": 26,
        "SA1008": 24,
        "RCS1063": 2,
        "SA1027": 45,
        "IsNull": 3,
        "ASA002": 12,
        "SA1119": 23,
        "DS01": 6,
        "NoPrivateUnderscore": 83,
        "MEN009": 51,
        "RCS1173": 5,
        "SA1313": 7,
        "TestAnalyzer": 17,
        "CC0034": 9,
        "MindTouchEnumSwitchAnalyzer": 2,
        "CC0052": 29,
        "Method_length_60": 7,
        "FS0037": 7,
        "RIT0002": 11,
        "FS0129": 67,
        "DA3005": 12,
        "RECS0010": 4,
        "SA1407": 22,
        "FS0065": 20,
        "CC0057": 11,
        "ClassNameUpperCaseAnalyzer": 5,
        "EmptyArrayCreation": 14,
        "RCNoAssignment": 15,
        "EPC12": 6,
        "SA1130": 2,
        "Wintellect002": 9,
        "VSTHRD103": 4,
        "StoreCtorArg": 11,
        "DateTimeOffsetInsteadOfDateTimeAnalyzer": 93,
        "PropertyDiagnosticId": 24,
        "SA1000": 49,
        "SA1124": 21,
        "SA1617": 5,
        "SA1003": 34,
        "OhNoPubImplicitCastForeach": 12,
        "RCS1218": 4,
        "AADE002": 37,
        "VSD0034": 18,
        "RCS1029": 9,
        "CRA002": 26,
        "S1172": 8,
        "CSharpAnalyzer": 16,
        "SA1024": 17,
        "DOC104": 34,
        "RECS0122": 7,
        "RCS1001": 21,
        "FirstAnalyzerCS": 5,
        "SA1120": 5,
        "EMA0001": 12,
        "FS0057": 6,
        "SA1502": 34,
        "AsyncFixer01": 10,
        "SA1210": 29,
        "CA1801": 24,
        "DOC100": 49,
        "RECS0163": 16,
        "VSD0033": 20,
        "SA1127": 13,
        "FS0126": 32,
        "MultiLineStringAnalyzer": 8,
        "MT1001": 13,
        "SA1308": 7,
        "WTG1003": 54,
        "RCS1127": 4,
        "CC0118": 6,
        "RCS1032": 15,
        "SA1501": 9,
        "RECS0014": 3,
        "CA1507": 26,
        "FS0008": 1,
        "CC0015": 11,
        "VSD0007": 23,
        "CC0048": 28,
        "RCS1146": 15,
        "RECS0033": 7,
        "DA4005": 28,
        "SA1306": 20,
        "SA1010": 8,
        "SA1121": 20,
        "SA1300": 23,
        "CC0030": 13,
        "FS0015": 4,
        "CC0013": 7,
        "RCS1171": 7,
        "CC0049": 2,
        "CA2208": 1,
        "SA1411": 4,
        "SA1123": 6,
        "RECS0133": 8,
        "UniversalTimeStamp": 12,
        "VpRoslynConfigureAwaitAnalayzer": 21,
        "RECS0085": 3,
        "RIT0003": 30,
        "SA1504": 5,
        "HLQ005": 17,
        "DOC201": 2,
        "SA1100": 4,
        "SpaceBeforeSemicolon": 8,
        "_SuperfluousAsync": 15,
        "ENUM0003": 6,
        "MindTouchMaterializedEnumerableAnalyzer": 17,
        "EPS01": 10,
        "RECS0120": 2,
        "MEN013": 28,
        "VSTHRD200": 22,
        "RCS1213": 3,
        "RCS1160": 3,
        "CA1028": 4,
        "DateTimeUsage": 5,
        "CC0004": 8,
        "RCS1128": 2,
        "CA1052": 4,
        "DOC203": 4,
        "SA1312": 3,
        "NA03": 4,
        "SA1107": 14,
        "INTL0003": 11,
        "FS0130": 12,
        "DebuggerStepThroughRemover": 4,
        "RCS1247": 2,
        "RCS1156": 6,
        "AANA001": 17,
        "CC0018": 1,
        "SA1002": 8,
        "RCS1003": 16,
        "SA1013": 16,
        "DEM0002": 3,
        "DOC101": 8,
        "AsyncFixer03": 2,
        "SA1128": 8,
        "CC0095": 2,
        "FS0031": 6,
        "SA1208": 6,
        "DictionaryVariableFix": 6,
        "FS0011": 1,
        "DDTN0001": 19,
        "HAA0501": 1,
        "VSD0001": 14,
        "FS0132": 6,
        "CCN0011": 10,
        "RCS1139": 6,
        "RCS1077": 15,
        "SA1209": 4,
        "RCS1085": 2,
        "VSD0026": 24,
        "CC0014": 6,
        "LowerChar": 8,
        "FS0004": 2,
        "SA1132": 7,
        "CA1827": 1,
        "CC0072": 13,
        "RECS0067": 1,
        "SA1136": 5,
        "FV0001": 3,
        "TypeLengthAnalyzer": 6,
        "WTG1004": 17,
        "RCS1206": 8,
        "RCS1199": 1,