{
    "num-datapoints": 24435,
    "num-nugets": 113,
    "avg-data-points-per-nuget": 216.23893805309734,
    "std-data-points-per-nuget": 436.6978111999611,
    "num-diagnostics": 421,
    "avg-data-points-per-diagnostic": 58.04038004750594,
    "std-data-points-per-diagnostic": 135.10103823054786,
    "num-repos": 18,
    "avg-data-points-per-repo": 1357.5,
    "std-data-points-per-repo": 2356.8017700547775,
    "max-tokens-src": 347,
    "avg-tokens-src": 121.6865561694291,
    "std-tokens-src": 13.156971018447225,
    "max-tokens-tgt": 473,
    "avg-tokens-tgt": 40.972457540413345,
    "std-tokens-tgt": 37.015975769966815,
    "nugets": {
        "CodeAnalysis.ParameterWrapper.1.0.0": 900,
        "APIDocCodeAnalyzer.1.0.6253.30470": 2800,
        "StyleCop.Analyzers.1.1.118": 1757,
        "AnalyzerDemo.1.0.6043.36699": 670,
        "eWolfCodeAnalyser.1.0.1": 221,
        "IntelliTect.Analyzers.0.1.8": 346,
        "CodeAnalyzer2.1.0.0.0": 202,
        "Documentation.Analyser.1.1.1": 2473,
        "StyleCop.Analyzers.Unstable.1.2.0.333": 1618,
        "Wintellect.Analyzers.dk.1.0.6": 723,
        "CodeFix.1.2.1.0": 454,
        "CoreSharp.Analyzer.NHibernate.0.6.0": 19,
        "AsyncSuffixAnalyzer.1.0.6285.32977": 32,
        "Roslyn.Analyzers.1.0.3.4": 213,
        "codecracker.CSharp.1.1.0": 1109,
        "Microsoft.CodeQuality.Analyzers.3.3.2": 77,
        "VSDiagnostics.1.10.0": 770,
        "WhitespaceAnalyzers.1.0.5716.21417": 125,
        "DateTimeAnalyzer_CS.1.0.6619.17972": 82,
        "WTG.Analyzers.2.10.4": 120,
        "Jacobi.VisualStudio.Analyzers.1.0.0": 356,
        "Nopen.NET.1.0.1": 338,
        "Gu.Analyzers.1.8.5": 500,
        "DebuggingUsingsInsertor.1.0.5904.40201": 283,
        "ExplicitDefaultAccessModifiersAnalyzer.1.1.0": 455,
        "CodeHeroes.CodeAnalysis.Style.0.0.6": 453,
        "Roslynator.Analyzers.3.1.0": 424,
        "mmlajPublicFieldAnalyzer.1.0.0": 51,
        "ZWA.Infrastructure.CodeAnalysis.1.0.0": 657,
        "AnalyzeThis.1.0.13.135": 219,
        "VarAnalyzer.1.0.6042.27567": 315,
        "Wintellect.Analyzers.WXF.1.0.7.8": 283,
        "YAnalyzers.1.1.0": 382,
        "StyleChecker.1.0.27": 314,
        "AsyncAnalyzers.1.1.7.0": 95,
        "SmartAnalyzers.CSharpExtensions.Annotations.3.9.0": 26,
        "Comments_analyser.1.0.6626.21356": 255,
        "Flyntax.AvoidVar.1.1.2.41": 151,
        "MR.Analyzers.Whitespace.1.0.1": 476,
        "NI.CSharp.Analyzers.1.2.8": 19,
        "FindStatics.1.1.1": 108,
        "Wintellect.Analyzers.1.0.6.0": 300,
        "DA4003DA4004DA4013DA4014ExampleComment.1.0.0": 31,
        "Wintellect.Analyzers.myhx1114.1.0.6": 278,
        "CodeAnalyzer.1.0.0.0": 249,
        "Roslynator.Analyzers.Unity.2.1.0": 366,
        "NINNES.RoslynAnalyzers.0.1.3": 18,
        "ReflectionIT.Analyzer.3.5.0": 302,
        "MalikP.Analyzers.AsyncMethodAnalyzer.0.3.18": 101,
        "Flyntax.All.1.1.2.41": 183,
        "AnalyzerFinal2.1.0.0": 11,
        "SharpSource.0.3.0": 10,
        "NamedParametersAnalyzer.0.3.1": 123,
        "SonarAnalyzer.CSharp.8.20.0.28934": 38,
        "Noria.Common.Roslyn.0.3.5": 20,
        "Bit.Tooling.CodeAnalyzer.7.2.0": 48,
        "Tridion.ConnectorFramework.Connector.Analyzer.9.5.0": 272,
        "mmlajPublicFieldAnalyzer7787.1.0.0": 90,
        "Analyzer1.1.0.0": 10,
        "Roslyn.Diagnostics.Analyzers.3.3.2": 65,
        "DebtRatchet.1.0.5": 84,
        "ConfigureAwaitChecker.Analyzer.5.0.0": 24,
        "ErrorProne.NET.Structs.0.1.2": 36,
        "DSharpAnalyzer.1.1.0": 11,
        "NoPrivateUnderscore.1.0.0": 83,
        "Menees.Analyzers.2017.2.0.3": 79,
        "TestAnalyzer.3.0.0": 17,
        "MindTouch.RoslynAnalyzers.1.0.5917.3542": 19,
        "MethodLength.1.1.0": 7,
        "RefactoringEssentials.5.6.0": 66,
        "ClassNameUpperCaseAnalyzer.1.0.1": 5,
        "RecordConstructorGenerator.3.3.0": 15,
        "ErrorProne.NET.CoreAnalyzers.0.1.2": 6,
        "mmlajOnlabPublicFieldAnalyzer.1.0.0": 41,
        "Microsoft.VisualStudio.Threading.Analyzers.16.9.60": 27,
        "BitCodeAnalyzer.4.1.0": 67,
        "EdaAnalyzer.1.0.4": 24,
        "OhNoPub.ImplicitCastAnalyzer.1.0.0": 12,
        "DelSole.CrossAnalyzers.CSharp.1.0.6094.37613": 26,
        "Agoda.Analyzers.1.0.517": 29,
        "CSharpAnalyzer_Ashok.1.0.0": 5,
        "DotNetAnalyzers.DocumentationAnalyzers.Unstable.1.0.0.59": 105,
        "FirstAnalyzerCS.1.0.6220.35232": 5,
        "EqualsMethodAnalyzer.0.1.0": 12,
        "AsyncFixer.1.5.1": 12,
        "MultiLineStringAnalyzer.1.2.0": 8,
        "mstest-analyzer.0.6.1": 13,
        "CSharpAnalyzer_Test.1.0.0": 7,
        "CSharpAnalyzer.1.0.0": 4,
        "Microsoft.CodeAnalysis.NetAnalyzers.5.0.3": 51,
        "Microsoft.NetCore.Analyzers.3.3.2": 10,
        "Vp.Roslyn.Analyzers.All.1.0.0": 28,
        "NetFabric.Hyperlinq.Analyzer.2.0.1": 17,
        "OhioBox.Time.Analyzer.1.1.4": 5,
        "Microsoft.AnalyzerPowerPack.1.1.0": 2,
        "DebuggerStepThroughRemover.1.0.5823.28645": 4,
        "Izzy.DemystifierAnalyzers.1.1.0": 5,
        "DisableDateTimeNow.1.0.5883.39470": 19,
        "ClrHeapAllocationAnalyzer.3.0.0": 1,
        "ConstructorNullAnalyzer.0.4.1": 10,
        "LowerChar.1.0.0": 8,
        "FileVision_Analyzer.1.0.6": 3,
        "MakeConst.1.0.0": 5,
        "OmniChannel.Analyzers.1.0.0.1": 1,
        "Lindemann.Analyzers.0.2.31": 1,
        "BND.Convention.Analyzer.1.0.0": 6,
        "Flyntax.StoreCtorArg.1.1.2.41": 5,
        "IDisposableAnalyzers.3.4.13": 2,
        "FluentMigratorMigrationNumberAnalyzer.1.0.2": 2,
        "CancellationTokenAnalyzers.1.0.1": 6,
        "ODS.UnusedCodeAnalyser.1.0.0": 2,
        "Tocsoft.DateTimeAbstractions.0.1.4": 5,
        "Ophlan.Analyzers.1.0.5702.39502": 2
    },
    "diagnostics": {
        "ParameterWrapperAnalyzer": 900,
        "DA4001": 389,
        "SA1028": 58,
        "VarUsage": 670,
        "RemoveRegions": 221,
        "SA1615": 21,
        "INTL0001": 316,
        "ModifierAnalyzer": 451,
        "SA1600D": 373,
        "SA1200": 103,
        "Wintellect004": 716,
        "SA1111": 18,
        "AvNextRegularExpressionCodeFix": 146,
        "CS0002": 19,
        "ASA001": 20,
        "SA1629": 424,
        "CLASS0001": 161,
        "CC0001": 216,
        "SA1519": 17,
        "CA1805": 12,
        "VSD0025": 156,
        "WS002": 105,
        "DTA001": 82,
        "WTG3002": 10,
        "JA101": 356,
        "SA1513": 214,
        "SA1642D": 72,
        "Nopen": 338,
        "SA1500": 26,
        "CC0061": 17,
        "GU0077": 257,
        "USI0001": 283,
        "SA1606D": 374,
        "EDAM001": 455,
        "DA3007": 1317,
        "SA1633": 94,
        "SA1137": 52,
        "CH0001": 179,
        "SA1413": 30,
        "CC0105": 143,
        "AvNextPropertyCodeFix": 137,
        "RCS1037": 79,
        "DA3002": 469,
        "mmlajOnalbPublicFieldAnalyzer": 92,
        "FS0128": 369,
        "AT001": 219,
        "VarAnalyzer": 315,
        "Wintellect003": 347,
        "SA1623D": 698,
        "Y0002": 252,
        "SA1612D": 956,
        "SA1009": 90,
        "VSD0023": 316,
        "PostIncrement": 73,
        "CH0003": 76,
        "_MissingAsync": 25,
        "DA3006": 92,
        "AvNextRegexCodeFix": 138,
        "CSE006": 26,
        "DA4002": 204,
        "CC0021": 141,
        "GU0073": 243,
        "Y0001": 130,
        "CC0065": 218,
        "VSD0029": 140,
        "Comments_analyser": 255,
        "AvoidVar": 328,
        "WS1000": 109,
        "NI1018": 19,
        "RB003": 41,
        "CH0002": 198,
        "NoSpaceAfterSemicolon": 2,
        "SA1503": 357,
        "WS001": 20,
        "DA4003": 62,
        "SA1309": 50,
        "SA1001": 10,
        "RB001": 48,
        "ASYNC0001": 25,
        "SA1101": 444,
        "SA1012": 12,
        "Wintellect012": 165,
        "FS0127": 43,
        "DA4006": 28,
        "SA1515": 121,
        "RCS1036": 70,
        "CC0091": 53,
        "RCS1123": 26,
        "Wintellect015": 347,