{
    "num-datapoints": 23235,
    "num-unique-diagnostics": 398,
    "avg-data-points-per-diagnostic": 58.379396984924625,
    "std-data-points-per-diagnostic": 134.72232480790413,
    "max-tokens-src": 347,
    "avg-tokens-src": 121.28715300193673,
    "std-tokens-src": 12.77685547951947,
    "max-tokens-tgt": 473,
    "avg-tokens-tgt": 40.85388422638261,
    "std-tokens-tgt": 37.08634730927373,
    "diagnostics": {
        "CH0001": 176,
        "SA1101": 406,
        "ModifierAnalyzer": 451,
        "Wintellect004": 652,
        "AvNextRegularExpressionCodeFix": 145,
        "GU0073": 237,
        "INTL0001": 306,
        "DebuggerStepThroughRemover": 4,
        "SA1606D": 371,
        "DA4001": 388,
        "ParameterWrapperAnalyzer": 885,
        "CC0105": 129,
        "SA1028": 52,
        "RCS1057": 114,
        "CC0023": 85,
        "VarAnalyzer": 282,
        "Y0002": 236,
        "VarUsage": 671,
        "DA4002": 188,
        "SA1008": 24,
        "SA1124": 21,
        "DecimalPoints": 13,
        "DateTimeOffsetInsteadOfDateTimeAnalyzer": 93,
        "SA1612D": 932,
        "CH0002": 197,
        "SA1514": 70,
        "AvNextRegexCodeFix": 137,
        "WS1001": 366,
        "CTU0001": 6,
        "RCS1018": 122,
        "EqualsNull": 170,
        "FS0127": 38,
        "SA1623D": 686,
        "CSE006": 16,
        "JA101": 350,
        "VSD0023": 293,
        "RIT0003": 30,
        "RemoveRegions": 221,
        "SA1503": 336,
        "CCN0031": 124,
        "EPS01": 10,
        "ClassDoesNotImplementContractAnalyzer": 238,
        "RCS1156": 6,
        "SA1516": 211,
        "SA1200": 88,
        "USI0001": 280,
        "SA1515": 110,
        "Y0001": 110,
        "AnalyzerFinal2": 11,
        "Analyzer1": 6,
        "CC0026": 1,
        "CRA002": 21,
        "Wintellect012": 153,
        "Nopen": 334,
        "mmlajPublicFieldAnalyzer": 88,
        "FS0129": 66,
        "NoPrivateUnderscore": 75,
        "_MissingAsync": 19,
        "GU0077": 256,
        "SA1116": 52,
        "SA1407": 17,
        "S2933": 20,
        "SA1400": 60,
        "Comments_analyser": 255,
        "RCS1214": 6,
        "RCS1090": 23,
        "VSTHRD200": 22,
        "Wintellect015": 324,
        "SA1009": 82,
        "RCS1123": 23,
        "WTG1003": 48,
        "RCS1001": 21,
        "RCS1089": 1,
        "RIT0008": 202,
        "MEN009": 51,
        "RIT0004": 53,
        "SA1642D": 72,
        "SA1024": 17,
        "AT001": 211,
        "DA3010": 71,
        "SA1309": 35,
        "NES003": 14,
        "CC0118": 6,
        "DOC100": 49,
        "SA1633": 74,
        "AADE002": 29,
        "SA1311": 6,
        "DDTN0001": 19,
        "RECS0163": 16,
        "FS0034": 2,
        "SA1502": 27,
        "SA1119": 20,
        "CA1801": 23,
        "DEM0002": 2,
        "CA1822": 50,
        "CC0091": 53,
        "SA1306": 20,
        "CAC001": 24,
        "CC0072": 14,
        "RB001": 46,
        "Underscore": 18,
        "SA1012": 8,
        "SA1307": 8,
        "ClassWithoutModifierAnalyzer": 22,
        "SA1003": 31,
        "AvNextPropertyCodeFix": 136,
        "CLASS0001": 157,
        "RCS1170": 52,
        "DTA001": 82,
        "CC0057": 11,
        "RCS1037": 76,
        "SA1002": 6,
        "LowerChar": 8,
        "CC0021": 138,
        "SA1615": 21,
        "VSD0048": 54,
        "MEN013": 25,
        "RCS1118": 7,
        "WTG3002": 10,
        "CC0061": 17,
        "SA1300": 17,
        "WTG1018": 35,
        "SA1025": 40,
        "SA1122": 18,
        "RCS1221": 13,
        "SA1504": 5,
        "AANA003": 42,
        "SA1027": 46,
        "TypeLengthAnalyzer": 6,
        "ODSUnusedCodeAnalyser": 2,
        "FS0015": 1,
        "RCS1206": 8,
        "RCS1077": 15,
        "CC0022": 4,
        "CC0033": 2,
        "RCS1226": 3,
        "NI1018": 19,
        "RECS0014": 3,
        "ConstantAnalyzer": 6,
        "DA3005": 8,
        "SA1500": 23,
        "S1172": 8,
        "RCNoAssignment": 15,
        "DA4006": 28,
        "FS0052": 7,
        "CA2208": 1,
        "VSD0026": 22,
        "FS0048": 15,
        "CC0048": 28,
        "Wintellect002": 9,
        "EMA0001": 12,
        "_SuperfluousAsync": 15,
        "AADE001": 2,
        "EPS05": 26,
        "CA1507": 26,
        "RB003": 38,
        "FS0130": 12,
        "NA03": 4,
        "SA1129": 4,
        "CC0037": 65,
        "FirstAnalyzerCS": 5,
        "SA1313": 7,
        "RCS1058": 6,
        "SA1011": 2,
        "_MissingConfigureAwait": 55,
        "SA1303": 4,
        "SA1123": 6,
        "SA1642": 8,
        "HLQ005": 17,
        "RCS1213": 3,
        "NA06": 13,
        "SS033": 2,
        "CC0052": 26,
        "S1144": 6,
        "ASYNC0004": 18,
        "FS0049": 1,
        "RECS0010": 4,
        "SA1411": 4,
        "SA1107": 8,
        "CC0030": 13,
        "WTG1004": 12,
        "CC0008": 4,
        "CC0060": 6,
        "CA2016": 5,
        "DictionaryVariableFix": 6,
        "SA1310": 5,
        "AsyncFixer01": 2,
        "RCS1029": 9,
        "RCS1246": 8,
        "CC0013": 6,
        "Method_length_60": 7,
        "SA1209": 4,
        "SA1127": 9,
        "MindTouchMaterializedEnumerableAnalyzer": 17,
        "ASA002": 12,
        "RECS0122": 7,
        "ASA001": 15,
        "SA1132": 5,
        "ENUM0003": 6,
        "RIT0009": 1,
        "CA2237": 3,
        "FS0037": 7,
        "SA1128": 5,
        "SA1004": 4,
        "ASYNC0001": 19,
        "RCS1128": 2,
        "FS0132": 6,
        "RECS0057": 1,
        "CCN0011": 10,
        "CC0018": 1,
        "MakeConst": 3,
        "CA1052": 4,
        "INTL0101": 7,
        "RCS1192": 6,
        "CA1823": 2,
        "IsNull": 2,
        "CA2101": 2,
        "FS0120": 1,
        "DOC202": 5,
        "CA1827": 1,
        "VpRoslynDateTimeNowAnalayzer": 1,
        "FS0031": 6,
        "CA1829": 1,
        "FS0006": 1,
        "DOC200": 1,
        "RCS1085": 2,
        "DateTimeUsage": 3,
        "SA1013": 12,
        "RIT0002": 6,
        "SpaceBeforeSemicolon": 5,
        "RCS1073": 1,
        "RCS1146": 14,
        "RCS1038": 1,
        "DOC203": 4,
        "OphlanAnalyzersOrganizeMembers": 2,
        "DS02": 5,
        "SA1501": 4,
        "DEM0001": 2,
        "WTG1009": 3,
        "RECS0133": 8,
        "SA1600": 4,
        "FS0095": 2,
        "TOCSOFT0001": 1,
        "RECS0120": 2,
        "CC0049": 2,
        "SA1207": 1,
        "RCS1202": 1,
        "MaxFieldCount": 1,
        "RCS1139": 5,
        "DOC102": 1,
        "RCS1235": 1,
        "DOC105": 1,
        "RCS1049": 1,
        "FS0068": 2,
        "SA1208": 2,
        "SA1026": 1,
        "EPC12": 6,
        "RCS1247": 2,
        "RCS1224": 1,
        "CC0068": 1,
        "FS0061": 1,
        "RECS0002": 1,
        "SA1212": 2,
        "RCS1234": 1,
        "RECS0093": 1,
        "WS001": 1,
        "RCS1063": 2,
        "CC0003": 3,
        "CA1836": 2,
        "CC0002": 1,
        "IDISP004": 2,
        "S1125": 1,
        "SA1110": 2,
        "VSD0015": 1,
        "VSTHRD103": 4,
        "RCS1080": 1,
        "FV0001": 3,
        "DOC201": 2,
        "DateTimeToday": 1,
        "CC0065": 219,
        "DA3007": 1304,
        "EDAM001": 435,
        "WS1000": 107,
        "DA3002": 463,
        "Wintellect003": 324,
        "DA3006": 91,
        "SA1629": 422,
        "CC0001": 205,
        "SA1520": 30,
        "mmlajOnalbPublicFieldAnalyzer": 90,
        "UniversalTimeStamp": 10,
        "RCS1036": 64,
        "TestAnalyzer": 17,
        "RCS1173": 5,
        "SA1600D": 359,
        "ClassNameUpperCaseAnalyzer": 4,
        "SA1205": 19,
        "SA1413": 25,
        "DOC104": 34,
        "DA4004": 126,
        "VSD0029": 138,
        "VSD0025": 137,
        "CSharpAnalyzer": 21,
        "RCS1169": 38,
        "DA3001": 15,
        "SA1000": 33,
        "NoSingleSpaceAfterTripleSlash": 1,
        "SA1005": 139,
        "DA4005": 28,
        "SA1121": 20,
        "FS0065": 16,
        "RCS1015": 26,
        "VSD0007": 23,
        "INTL0002": 4,
        "VSD0034": 13,